-- MySQL dump 10.13  Distrib 8.0.36, for Win64 (x86_64)
--
-- Host: 127.0.0.1    Database: shop_db
-- ------------------------------------------------------
-- Server version	5.5.5-10.4.32-MariaDB

/*!40101 SET @OLD_CHARACTER_SET_CLIENT=@@CHARACTER_SET_CLIENT */;
/*!40101 SET @OLD_CHARACTER_SET_RESULTS=@@CHARACTER_SET_RESULTS */;
/*!40101 SET @OLD_COLLATION_CONNECTION=@@COLLATION_CONNECTION */;
/*!50503 SET NAMES utf8 */;
/*!40103 SET @OLD_TIME_ZONE=@@TIME_ZONE */;
/*!40103 SET TIME_ZONE='+00:00' */;
/*!40014 SET @OLD_UNIQUE_CHECKS=@@UNIQUE_CHECKS, UNIQUE_CHECKS=0 */;
/*!40014 SET @OLD_FOREIGN_KEY_CHECKS=@@FOREIGN_KEY_CHECKS, FOREIGN_KEY_CHECKS=0 */;
/*!40101 SET @OLD_SQL_MODE=@@SQL_MODE, SQL_MODE='NO_AUTO_VALUE_ON_ZERO' */;
/*!40111 SET @OLD_SQL_NOTES=@@SQL_NOTES, SQL_NOTES=0 */;

--
-- Table structure for table `admins`
--

DROP TABLE IF EXISTS `admins`;
/*!40101 SET @saved_cs_client     = @@character_set_client */;
/*!50503 SET character_set_client = utf8mb4 */;
CREATE TABLE `admins` (
  `id` int(100) NOT NULL AUTO_INCREMENT,
  `name` varchar(20) NOT NULL,
  `password` varchar(50) NOT NULL,
  PRIMARY KEY (`id`)
) ENGINE=InnoDB AUTO_INCREMENT=3 DEFAULT CHARSET=utf8mb4 COLLATE=utf8mb4_general_ci;
/*!40101 SET character_set_client = @saved_cs_client */;

--
-- Dumping data for table `admins`
--

LOCK TABLES `admins` WRITE;
/*!40000 ALTER TABLE `admins` DISABLE KEYS */;
INSERT INTO `admins` VALUES (1,'admin','6216f8a75fd5bb3d5f22b6f9958cdede3fc086c2'),(2,'admin2','40bd001563085fc35165329ea1ff5c5ecbdbbeef');
/*!40000 ALTER TABLE `admins` ENABLE KEYS */;
UNLOCK TABLES;

--
-- Table structure for table `cart`
--

DROP TABLE IF EXISTS `cart`;
/*!40101 SET @saved_cs_client     = @@character_set_client */;
/*!50503 SET character_set_client = utf8mb4 */;
CREATE TABLE `cart` (
  `id` int(100) NOT NULL AUTO_INCREMENT,
  `user_id` int(100) NOT NULL,
  `pid` int(100) NOT NULL,
  `name` varchar(100) NOT NULL,
  `price` float(10,2) NOT NULL,
  `quantity` int(10) NOT NULL,
  `image` varchar(100) NOT NULL,
  PRIMARY KEY (`id`)
) ENGINE=InnoDB AUTO_INCREMENT=15 DEFAULT CHARSET=utf8mb4 COLLATE=utf8mb4_general_ci;
/*!40101 SET character_set_client = @saved_cs_client */;

--
-- Dumping data for table `cart`
--

LOCK TABLES `cart` WRITE;
/*!40000 ALTER TABLE `cart` DISABLE KEYS */;
INSERT INTO `cart` VALUES (1,3,3,'pink keyboard',99.00,3,'80_1.png'),(14,0,1,'pink keyboard',95.99,1,'80_1.png');
/*!40000 ALTER TABLE `cart` ENABLE KEYS */;
UNLOCK TABLES;

--
-- Table structure for table `category`
--

DROP TABLE IF EXISTS `category`;
/*!40101 SET @saved_cs_client     = @@character_set_client */;
/*!50503 SET character_set_client = utf8mb4 */;
CREATE TABLE `category` (
  `id` int(7) NOT NULL,
  `category` varchar(50) DEFAULT NULL,
  PRIMARY KEY (`id`)
) ENGINE=InnoDB DEFAULT CHARSET=utf8mb4 COLLATE=utf8mb4_general_ci;
/*!40101 SET character_set_client = @saved_cs_client */;

--
-- Dumping data for table `category`
--

LOCK TABLES `category` WRITE;
/*!40000 ALTER TABLE `category` DISABLE KEYS */;
INSERT INTO `category` VALUES (1,'65% size'),(2,'80% size'),(3,'100% size');
/*!40000 ALTER TABLE `category` ENABLE KEYS */;
UNLOCK TABLES;

--
-- Table structure for table `orders`
--

DROP TABLE IF EXISTS `orders`;
/*!40101 SET @saved_cs_client     = @@character_set_client */;
/*!50503 SET character_set_client = utf8mb4 */;
CREATE TABLE `orders` (
  `id` int(100) NOT NULL AUTO_INCREMENT,
  `user_id` int(100) NOT NULL,
  `name` varchar(20) NOT NULL,
  `number` varchar(10) NOT NULL,
  `email` varchar(50) NOT NULL,
  `method` varchar(50) NOT NULL,
  `address` varchar(500) NOT NULL,
  `total_products` varchar(1000) NOT NULL,
  `total_price` float(5,0) NOT NULL,
  `placed_on` date NOT NULL DEFAULT current_timestamp(),
  `payment_status` varchar(20) NOT NULL DEFAULT 'pending',
  PRIMARY KEY (`id`)
) ENGINE=InnoDB AUTO_INCREMENT=3 DEFAULT CHARSET=utf8mb4 COLLATE=utf8mb4_general_ci;
/*!40101 SET character_set_client = @saved_cs_client */;

--
-- Dumping data for table `orders`
--

LOCK TABLES `orders` WRITE;
/*!40000 ALTER TABLE `orders` DISABLE KEYS */;
INSERT INTO `orders` VALUES (2,0,'test','1231231233','testuser@gmail.com','credit card','flat no. 123 rt st, 23, trtace, ca, united states - 34566','pink keyboard (95.99 x 1) - purple keyboard (89.89 x 1) - ',186,'2024-06-09','completed');
/*!40000 ALTER TABLE `orders` ENABLE KEYS */;
UNLOCK TABLES;

--
-- Table structure for table `products`
--

DROP TABLE IF EXISTS `products`;
/*!40101 SET @saved_cs_client     = @@character_set_client */;
/*!50503 SET character_set_client = utf8mb4 */;
CREATE TABLE `products` (
  `id` int(100) NOT NULL AUTO_INCREMENT,
  `name` varchar(100) NOT NULL,
  `details` varchar(500) NOT NULL,
  `price` float(10,2) NOT NULL,
  `image_01` varchar(100) NOT NULL,
  PRIMARY KEY (`id`)
) ENGINE=InnoDB AUTO_INCREMENT=9 DEFAULT CHARSET=utf8mb4 COLLATE=utf8mb4_general_ci;
/*!40101 SET character_set_client = @saved_cs_client */;

--
-- Dumping data for table `products`
--

LOCK TABLES `products` WRITE;
/*!40000 ALTER TABLE `products` DISABLE KEYS */;
INSERT INTO `products` VALUES (1,'pink keyboard','pink keyboard by varmilo 80% size',95.99,'80_1.png'),(2,'purple keyboard','purple mechanical keyboard by varmilo 80% size',89.89,'80_2.jpg'),(3,'blue keyboard','blue varmilo mechanical keyboard 65% size',75.89,'65_1.jpg'),(4,'customized keyboard','customized mechanical keyboard varmilo 65% size',84.99,'65_2.png'),(5,'red beijing keyboard','red beijing themed mechanical keyboard varmilo 100% size',234.89,'100_2.jpg'),(6,'panda keyboard','panda themed mechanical keyboard varmilo 100% size',119.99,'100_4.jpg');
/*!40000 ALTER TABLE `products` ENABLE KEYS */;
UNLOCK TABLES;

--
-- Table structure for table `users`
--

DROP TABLE IF EXISTS `users`;
/*!40101 SET @saved_cs_client     = @@character_set_client */;
/*!50503 SET character_set_client = utf8mb4 */;
CREATE TABLE `users` (
  `id` int(10) NOT NULL,
  `name` varchar(20) NOT NULL,
  `email` varchar(50) NOT NULL,
  `password` varchar(50) NOT NULL,
  PRIMARY KEY (`id`)
) ENGINE=InnoDB DEFAULT CHARSET=utf8mb4 COLLATE=utf8mb4_general_ci;
/*!40101 SET character_set_client = @saved_cs_client */;

--
-- Dumping data for table `users`
--

LOCK TABLES `users` WRITE;
/*!40000 ALTER TABLE `users` DISABLE KEYS */;
INSERT INTO `users` VALUES (0,'test','testuser@gmail.com','40bd001563085fc35165329ea1ff5c5ecbdbbeef');
/*!40000 ALTER TABLE `users` ENABLE KEYS */;
UNLOCK TABLES;

--
-- Table structure for table `xref_category_product`
--

DROP TABLE IF EXISTS `xref_category_product`;
/*!40101 SET @saved_cs_client     = @@character_set_client */;
/*!50503 SET character_set_client = utf8mb4 */;
CREATE TABLE `xref_category_product` (
  `xref_category_products_id` varchar(50) NOT NULL,
  `category_id` int(10) DEFAULT NULL,
  `product_id` int(10) DEFAULT NULL,
  PRIMARY KEY (`xref_category_products_id`)
) ENGINE=InnoDB DEFAULT CHARSET=utf8mb4 COLLATE=utf8mb4_general_ci;
/*!40101 SET character_set_client = @saved_cs_client */;

--
-- Dumping data for table `xref_category_product`
--

LOCK TABLES `xref_category_product` WRITE;
/*!40000 ALTER TABLE `xref_category_product` DISABLE KEYS */;
INSERT INTO `xref_category_product` VALUES ('1',1,3),('2',1,4),('3',2,1),('4',2,2),('5',3,5),('6',3,6);
/*!40000 ALTER TABLE `xref_category_product` ENABLE KEYS */;
UNLOCK TABLES;
/*!40103 SET TIME_ZONE=@OLD_TIME_ZONE */;

/*!40101 SET SQL_MODE=@OLD_SQL_MODE */;
/*!40014 SET FOREIGN_KEY_CHECKS=@OLD_FOREIGN_KEY_CHECKS */;
/*!40014 SET UNIQUE_CHECKS=@OLD_UNIQUE_CHECKS */;
/*!40101 SET CHARACTER_SET_CLIENT=@OLD_CHARACTER_SET_CLIENT */;
/*!40101 SET CHARACTER_SET_RESULTS=@OLD_CHARACTER_SET_RESULTS */;
/*!40101 SET COLLATION_CONNECTION=@OLD_COLLATION_CONNECTION */;
/*!40111 SET SQL_NOTES=@OLD_SQL_NOTES */;

-- Dump completed on 2024-06-09 21:35:52
